{"cameraMode":{"drawMode":0,"name":"Shaded","section":"Shading Mode"},"sceneLighting":true,"audioPlay":false,"sceneViewState":{"m_AlwaysRefresh":false,"showFog":true,"showSkybox":true,"showFlares":true,"showImageEffects":true,"showParticleSystems":true,"showVisualEffectGraphs":true,"m_FxEnabled":true},"in2DMode":false,"pivot":{"x":16.751270294189454,"y":-4.647357940673828,"z":-0.000118255615234375},"rotation":{"x":-0.3616163432598114,"y":-0.0598548948764801,"z":0.02313295193016529,"w":-0.930073618888855},"size":19.885208129882814,"orthographic":false}