{"cameraMode":{"drawMode":0,"name":"Shaded","section":"Shading Mode"},"sceneLighting":true,"audioPlay":false,"sceneViewState":{"m_AlwaysRefresh":false,"showFog":true,"showSkybox":true,"showFlares":true,"showImageEffects":true,"showParticleSystems":true,"showVisualEffectGraphs":true,"m_FxEnabled":true},"in2DMode":false,"pivot":{"x":3.5385360717773439,"y":-7.821170806884766,"z":10.404423713684082},"rotation":{"x":-0.27178236842155459,"y":-0.08335451036691666,"z":0.023502139374613763,"w":-0.9584144353866577},"size":12.804636001586914,"orthographic":false}